,movie_title,directors,animated,year,month,day,genre_Adventure,genre_Animation,genre_Black Comedy,genre_Comedy,genre_Crime,genre_Documentary,genre_Drama,genre_Family,genre_Fantasy,genre_Horror,genre_Musical,genre_Romance,genre_Romantic Comedy,genre_Thriller/Suspense,genre_Western,MPAA_rating_Not Rated,MPAA_rating_PG,MPAA_rating_PG-13,MPAA_rating_R,MPAA_rating_TV-G,revenue
0,Recess: School's Out,62,Yes,2001,2,16,0,0,0,1,0,0,0,0,0,0,0,0,0,0,0,0,0,0,0,0,54656124
1,D2: The Mighty Ducks,272,NO,1994,3,25,0,0,0,1,0,0,0,0,0,0,0,0,0,0,0,0,1,0,0,0,94226336
2,Home on the Range,329,Yes,2004,4,2,0,0,0,1,0,0,0,0,0,0,0,0,0,0,0,0,1,0,0,0,67910168
3,Young Black Stallion,283,NO,2003,12,25,1,0,0,0,0,0,0,0,0,0,0,0,0,0,0,0,0,0,0,0,9254344
4,What's Love Got to Do With It,45,NO,1993,6,9,0,0,0,0,0,0,1,0,0,0,0,0,0,0,0,0,0,0,1,0,79618608
5,Lady and the Tramp,121,NO,1955,6,22,0,0,0,0,0,0,1,0,0,0,0,0,0,0,0,0,0,0,0,0,1236035456
6,Corky Romano,255,NO,2001,10,12,0,0,0,1,0,0,0,0,0,0,0,0,0,0,0,0,0,1,0,0,35705804
7,The Waterboy,101,NO,1998,11,6,0,0,0,1,0,0,0,0,0,0,0,0,0,0,0,0,0,1,0,0,288691840
8,Captain America: The Winter Soldier,20,NO,2014,4,4,0,0,0,0,0,0,0,0,0,0,0,0,0,0,0,0,0,1,0,0,268013072
9,Pirates of the Caribbean: Dead Man’…,119,NO,2006,7,7,1,0,0,0,0,0,0,0,0,0,0,0,0,0,0,0,0,1,0,0,544817152
10,Ladder 49,136,NO,2004,10,1,0,0,0,0,0,0,0,0,0,0,0,0,0,0,0,0,0,1,0,0,101161048
11,Coyote Ugly,80,NO,2000,8,4,0,0,0,0,0,0,1,0,0,0,0,0,0,0,0,0,0,1,0,0,95070168
12,The Sixth Man,244,NO,1997,3,28,0,0,0,1,0,0,0,0,0,0,0,0,0,0,0,0,0,1,0,0,27117600
13,Dick Tracy,325,NO,1990,6,15,0,0,0,0,0,0,0,0,0,0,0,0,0,0,0,0,1,0,0,0,207231616
14,Sister Act 2 Back in the Habit,33,NO,1993,12,10,0,0,0,1,0,0,0,0,0,0,0,0,0,0,0,0,1,0,0,0,116965664
15,DuckTales: The Movie - Treasure of th…,39,Yes,1990,8,3,1,0,0,0,0,0,0,0,0,0,0,0,0,0,0,0,0,0,0,0,36107824
16,Blame it on the Bellboy,189,NO,1992,3,6,0,0,0,1,0,0,0,0,0,0,0,0,0,0,0,0,0,1,0,0,5872667
17,The Hunchback of Notre Dame,112,Yes,1996,6,21,1,0,0,0,0,0,0,0,0,0,0,0,0,0,0,0,0,0,0,0,190988800
18,Ernest Goes to Jail,157,NO,1990,4,6,0,0,0,1,0,0,0,0,0,0,0,0,0,0,0,0,1,0,0,0,49999824
19,Ant-Man,238,NO,2015,7,17,0,0,0,0,0,0,0,0,0,0,0,0,0,0,0,0,0,1,0,0,180202160
20,The Shaggy Dog,48,NO,2006,3,10,0,0,0,1,0,0,0,0,0,0,0,0,0,0,0,0,1,0,0,0,78667424
21,The Life Aquatic with Steve Zissou,326,NO,2004,12,10,0,0,0,1,0,0,0,0,0,0,0,0,0,0,0,0,0,0,1,0,32198656
22,Bridge to Terabithia,120,NO,2007,2,16,0,0,0,0,0,0,1,0,0,0,0,0,0,0,0,0,1,0,0,0,100760720
23,Beauty and the Beast,112,NO,1991,11,13,0,0,0,0,0,0,0,0,0,0,1,0,0,0,0,0,0,0,0,0,363017664
24,Miami Rhapsody,73,NO,1995,1,27,0,0,0,0,0,0,0,0,0,0,0,0,1,0,0,0,0,1,0,0,9857435
25,A Bug's Life,152,Yes,1998,11,20,1,0,0,0,0,0,0,0,0,0,0,0,0,0,0,0,0,0,0,0,288981696
26,3 Men and a Little Lady,92,NO,1990,11,21,0,0,0,1,0,0,0,0,0,0,0,0,0,0,0,0,1,0,0,0,143108864
27,The Puppet Masters,300,NO,1994,10,21,0,0,0,0,0,0,0,0,0,1,0,0,0,0,0,0,0,0,1,0,17727016
28,Signs,187,NO,2002,8,2,0,0,0,0,0,0,0,0,0,0,0,0,0,1,0,0,0,1,0,0,330754432
29,Dead Presidents,6,NO,1995,10,4,0,0,0,0,0,0,1,0,0,0,0,0,0,0,0,0,0,0,1,0,46741468
30,"McFarland, USA",217,NO,2015,2,20,0,0,0,0,0,0,1,0,0,0,0,0,0,0,0,0,1,0,0,0,44480276
31,George Of The Jungle,272,NO,1997,7,16,0,0,0,1,0,0,0,0,0,0,0,0,0,0,0,0,1,0,0,0,193326624
32,Bound by Honor,302,NO,1993,4,16,0,0,0,0,1,0,0,0,0,0,0,0,0,0,0,0,0,0,1,0,9156084
33,The Avengers,168,NO,2012,5,4,0,0,0,0,0,0,0,0,0,0,0,0,0,0,0,0,0,1,0,0,660081216
34,Ten Things I Hate About You,10,NO,1999,3,31,0,0,0,0,0,0,0,0,0,0,0,0,1,0,0,0,0,1,0,0,63354376
35,Earth,178,NO,2009,4,22,0,0,0,0,0,1,0,0,0,0,0,0,0,0,0,0,0,0,0,0,35981008
36,Hello Again,316,NO,1987,11,6,0,0,0,1,0,0,0,0,0,0,0,0,0,0,0,0,1,0,0,0,44024528
37,When a Man Loves a Woman,186,NO,1994,4,29,0,0,0,0,0,0,1,0,0,0,0,0,0,0,0,0,0,0,1,0,103354192
38,Unbreakable,187,NO,2000,11,22,0,0,0,0,0,0,0,0,0,0,0,0,0,1,0,0,0,1,0,0,148208896
39,3 Men and a Baby,183,NO,1987,11,25,0,0,0,1,0,0,0,0,0,0,0,0,0,0,0,0,1,0,0,0,353334592
40,X Games 3D: The Movie,297,NO,2009,8,21,0,0,0,0,0,1,0,0,0,0,0,0,0,0,0,0,1,0,0,0,1563976
41,Cars 2,152,Yes,2011,6,24,1,0,0,0,0,0,0,0,0,0,0,0,0,0,0,0,0,0,0,0,203522176
42,The Princess Diaries 2: Royal Engagement,106,NO,2004,8,11,0,0,0,0,0,0,0,0,0,0,0,0,1,0,0,0,0,0,0,0,129164208
43,The Jungle Book 2,294,Yes,2003,2,14,1,0,0,0,0,0,0,0,0,0,0,0,0,0,0,0,0,0,0,0,66966884
44,Aspen Extreme,222,NO,1993,1,22,0,0,0,0,0,0,0,0,0,0,0,0,1,0,0,0,0,1,0,0,15970955
45,Noises Off...,230,NO,1992,3,20,0,0,0,1,0,0,0,0,0,0,0,0,0,0,0,0,0,1,0,0,4631720
46,He Got Game,284,NO,1998,5,1,0,0,0,0,0,0,1,0,0,0,0,0,0,0,0,0,0,0,1,0,38766948
47,Bringing Down the House,1,NO,2003,3,7,0,0,0,1,0,0,0,0,0,0,0,0,0,0,0,0,0,1,0,0,185481536
48,Bon Voyage!,138,NO,1962,5,17,0,0,0,1,0,0,0,0,0,0,0,0,0,0,0,1,0,0,0,0,109581648
49,Doctor Strange,276,NO,2016,11,4,1,0,0,0,0,0,0,0,0,0,0,0,0,0,0,0,0,1,0,0,232532928
50,Flubber,184,NO,1997,11,26,0,0,0,1,0,0,0,0,0,0,0,0,0,0,0,0,1,0,0,0,170406416
51,Roving Mars,114,NO,2006,1,27,0,0,0,0,0,1,0,0,0,0,0,0,0,0,0,0,0,0,0,0,12948025
52,Captain Ron,306,NO,1992,9,18,0,0,0,1,0,0,0,0,0,0,0,0,0,0,0,0,0,1,0,0,45741576
53,Shadow Conspiracy,117,NO,1997,1,31,0,0,0,0,0,0,0,0,0,0,0,0,0,1,0,0,0,0,1,0,3957025
54,Good Morning Vietnam,30,NO,1987,12,23,0,0,0,1,0,0,0,0,0,0,0,0,0,0,0,0,0,0,1,0,254414832
55,Babes in Toyland,63,NO,1961,12,14,0,0,0,0,0,0,0,0,0,0,1,0,0,0,0,0,0,0,0,0,124841160
56,An Innocent Man,237,NO,1989,10,6,0,0,0,0,0,0,1,0,0,0,0,0,0,0,0,0,0,0,1,0,40983416
57,Summer of Sam,284,NO,1999,7,2,0,0,0,0,0,0,1,0,0,0,0,0,0,0,0,0,0,0,1,0,32007656
58,The Good Dinosaur,235,Yes,2015,11,25,1,0,0,0,0,0,0,0,0,0,0,0,0,0,0,0,1,0,0,0,123087120
59,Angels in the Outfield,331,NO,1994,7,15,0,0,0,1,0,0,0,0,0,0,0,0,0,0,0,0,1,0,0,0,103798152
60,Tough Guys,139,NO,1986,10,3,0,0,0,1,0,0,0,0,0,0,0,0,0,0,0,0,1,0,0,0,48758184
61,Something Wicked This Way Comes,126,NO,1983,4,29,0,0,0,0,0,0,0,0,0,1,0,0,0,0,0,0,1,0,0,0,15136765
62,The Rocketeer,148,NO,1991,6,21,0,0,0,0,0,0,0,0,0,0,0,0,0,0,0,0,1,0,0,0,93256672
63,Stakeout,150,NO,1987,8,5,0,0,0,1,0,0,0,0,0,0,0,0,0,0,0,0,0,0,1,0,141592160
64,National Treasure 2: Book of Secrets,162,NO,2007,12,21,1,0,0,0,0,0,0,0,0,0,0,0,0,0,0,0,1,0,0,0,267003520
65,Terminal Velocity,84,NO,1994,9,23,0,0,0,0,0,0,0,0,0,0,0,0,0,0,0,0,0,1,0,0,34048316
66,Apocalypto,196,NO,2006,12,8,1,0,0,0,0,0,0,0,0,0,0,0,0,0,0,0,0,0,1,0,64959548
67,Invincible,94,Yes,2006,8,25,0,0,0,0,0,0,1,0,0,0,0,0,0,0,0,0,1,0,0,0,74398864
68,25th Hour,284,NO,2002,12,19,0,0,0,0,0,0,1,0,0,0,0,0,0,0,0,0,0,0,1,0,18325464
69,Mighty Joe Young,269,NO,1998,12,25,1,0,0,0,0,0,0,0,0,0,0,0,0,0,0,0,1,0,0,0,87906040
70,Deceived,66,NO,1991,9,27,0,0,0,0,0,0,0,0,0,0,0,0,0,1,0,0,0,1,0,0,57544452
71,Never Cry Wolf,50,NO,1983,10,7,0,0,0,0,0,0,1,0,0,0,0,0,0,0,0,0,1,0,0,0,70669952
72,G-Force,125,Yes,2009,7,24,1,0,0,0,0,0,0,0,0,0,0,0,0,0,0,0,1,0,0,0,134246928
73,Feast of July,61,NO,1995,10,13,0,0,0,0,0,0,1,0,0,0,0,0,0,0,0,0,0,0,1,0,568342
74,The Lookout,277,NO,2007,3,30,0,0,0,0,0,0,1,0,0,0,0,0,0,0,0,0,0,0,1,0,5637048
75,Cool Runnings,162,NO,1993,10,1,0,0,0,1,0,0,0,0,0,0,0,0,0,0,0,0,1,0,0,0,140392736
76,Alice Through the Looking Glass,127,NO,2016,5,27,1,0,0,0,0,0,0,0,0,0,0,0,0,0,0,0,1,0,0,0,77042384
77,The Devil and Max Devlin,296,NO,1981,1,1,0,0,0,0,0,0,0,0,1,0,0,0,0,0,0,0,1,0,0,0,48517980
78,The Chronicles of Narnia: Prince Caspian,11,NO,2008,5,16,1,0,0,0,0,0,0,0,0,0,0,0,0,0,0,0,1,0,0,0,166277040
79,The Insider,203,NO,1999,11,5,0,0,0,0,0,0,1,0,0,0,0,0,0,0,0,0,0,0,1,0,47794216
80,Camp Nowhere,164,NO,1994,8,26,0,0,0,1,0,0,0,0,0,0,0,0,0,0,0,0,1,0,0,0,21576332
81,The Rock,198,NO,1996,6,7,0,0,0,0,0,0,0,0,0,0,0,0,0,0,0,0,0,0,1,0,255702704
82,Green Card,236,NO,1990,12,25,0,0,0,0,0,0,0,0,0,0,0,0,1,0,0,0,0,1,0,0,59679132
83,Real Steel,279,NO,2011,10,7,0,0,0,0,0,0,0,0,0,0,0,0,0,0,0,0,0,1,0,0,90848016
84,A Kid in King Arthur's Court,200,NO,1995,8,11,1,0,0,0,0,0,0,0,0,0,0,0,0,0,0,0,1,0,0,0,25981284
85,The Last Flight of Noah’s Ark,51,NO,1980,6,25,1,0,0,0,0,0,0,0,0,0,0,0,0,0,0,0,0,0,0,0,34472116
86,African Cats,5,NO,2011,4,22,0,0,0,0,0,1,0,0,0,0,0,0,0,0,0,0,0,0,0,0,16401551
88,Into the Woods,253,NO,2014,12,25,0,0,0,0,0,0,0,0,0,0,1,0,0,0,0,0,1,0,0,0,130894240
89,Finding Nemo,13,Yes,2003,5,30,1,0,0,0,0,0,0,0,0,0,0,0,0,0,0,0,0,0,0,0,518148544
90,The Good Mother,289,NO,1988,11,4,0,0,0,0,0,0,1,0,0,0,0,0,0,0,0,0,1,0,0,0,9772655
91,The Hundred-Foot Journey,180,NO,2014,8,8,0,0,0,0,0,0,0,0,0,0,0,0,1,0,0,0,1,0,0,0,55961408
92,Pearl Harbor,198,NO,2001,5,25,0,0,0,0,0,0,0,0,0,0,0,0,0,0,0,0,0,1,0,0,295705120
93,Pirates of the Caribbean: At World’…,119,NO,2007,5,24,1,0,0,0,0,0,0,0,0,0,0,0,0,0,0,0,0,1,0,0,379129952
94,Color of Night,248,NO,1994,8,19,0,0,0,0,0,0,0,0,0,0,0,0,0,1,0,0,0,0,1,0,40804816
95,Romy and Michele's High School Reunion,81,NO,1997,4,25,0,0,0,1,0,0,0,0,0,0,0,0,0,0,0,0,0,0,1,0,53693680
96,Cheetah,221,NO,1989,8,18,1,0,0,0,0,0,0,0,0,0,0,0,0,0,0,0,0,0,0,1,16653473
97,Jack,60,NO,1996,8,9,0,0,0,0,0,0,1,0,0,0,0,0,0,0,0,0,0,1,0,0,111792848
98,Monsters University,67,Yes,2013,6,21,1,0,0,0,0,0,0,0,0,0,0,0,0,0,0,0,0,0,0,0,278395648
99,The Fifth Estate,32,NO,2013,10,18,0,0,0,0,0,0,1,0,0,0,0,0,0,0,0,0,0,0,1,0,3374251
100,Before and After,27,NO,1996,2,23,0,0,0,0,0,0,1,0,0,0,0,0,0,0,0,0,0,1,0,0,16482589
101,Moonlight Mile,42,NO,2002,9,27,0,0,0,0,0,0,1,0,0,0,0,0,0,0,0,0,0,1,0,0,9909094
102,A Stranger Among Us,280,NO,1992,7,17,0,0,0,0,0,0,1,0,0,0,0,0,0,0,0,0,0,1,0,0,24950752
103,The Lizzie McGuire Movie,144,NO,2003,5,2,0,0,0,1,0,0,0,0,0,0,0,0,0,0,0,0,1,0,0,0,59743192
104,Krippendorf's Tribe,314,NO,1998,2,27,0,0,0,1,0,0,0,0,0,0,0,0,0,0,0,0,0,1,0,0,13608633
105,crazy/beautiful,159,NO,2001,6,29,0,0,0,0,0,0,1,0,0,0,0,0,0,0,0,0,0,1,0,0,25214224
106,Adventures in Babysitting,158,NO,1987,7,3,0,0,0,1,0,0,0,0,0,0,0,0,0,0,0,0,0,1,0,0,72853568
107,The Game Plan,14,NO,2007,9,22,0,0,0,1,0,0,0,0,0,0,0,0,0,0,0,0,1,0,0,0,111010760
108,Splash,267,NO,1984,3,9,0,0,0,1,0,0,0,0,0,0,0,0,0,0,0,0,1,0,0,0,157057664
109,Who Framed Roger Rabbit?,260,Yes,1988,6,22,0,0,0,1,0,0,0,0,0,0,0,0,0,0,0,0,1,0,0,0,316250080
110,The Light Between Oceans,85,NO,2016,9,2,0,0,0,0,0,0,1,0,0,0,0,0,0,0,0,0,0,1,0,0,12545979
111,The Guardian,12,NO,2006,9,29,0,0,0,0,0,0,0,0,0,0,0,0,0,0,0,0,0,1,0,0,70801352
112,The Sword in the Stone,334,Yes,1963,12,25,1,0,0,0,0,0,0,0,0,0,0,0,0,0,0,0,0,0,0,0,153870832
113,Mr. Holland's Opus,286,NO,1995,12,29,0,0,0,0,0,0,1,0,0,0,0,0,0,0,0,0,1,0,0,0,157508864
114,The Rescuers Down Under,208,Yes,1990,11,16,1,0,0,0,0,0,0,0,0,0,0,0,0,0,0,0,0,0,0,0,55796728
115,The Preacher's Wife,228,NO,1996,12,13,0,0,0,0,0,0,1,0,0,0,0,0,0,0,0,0,1,0,0,0,91076880
116,Sarafina!,71,NO,1992,9,18,0,0,0,0,0,0,1,0,0,0,0,0,0,0,0,0,0,1,0,0,14841352
117,Trenchcoat,204,NO,1983,3,11,0,0,0,1,0,0,0,0,0,0,0,0,0,0,0,0,1,0,0,0,11519089
118,Confessions of a Teenage Drama Queen,274,NO,2004,2,20,0,0,0,1,0,0,0,0,0,0,0,0,0,0,0,0,1,0,0,0,39816568
119,Around the World in 80 Days,101,NO,2004,6,16,1,0,0,0,0,0,0,0,0,0,0,0,0,0,0,0,1,0,0,0,32585356
120,Blaze,95,Yes,1989,12,13,0,0,0,0,0,0,1,0,0,0,0,0,0,0,0,0,0,0,1,0,39884640
121,Toy Story,152,Yes,1995,11,22,1,0,0,0,0,0,0,0,0,0,0,0,0,0,0,0,0,0,0,0,370409632
122,Prince of Persia: Sands of Time,210,NO,2010,5,28,0,0,0,0,0,0,0,0,0,0,0,0,0,0,0,0,0,1,0,0,96971360
123,Eddie,86,NO,1996,5,31,0,0,0,1,0,0,0,0,0,0,0,0,0,0,0,0,0,1,0,0,59828968
124,White Fang 2: Myth of the White Wolf,173,NO,1994,4,15,1,0,0,0,0,0,0,0,0,0,0,0,0,0,0,0,1,0,0,0,18083994
125,White Squall,250,NO,1996,2,2,1,0,0,0,0,0,0,0,0,0,0,0,0,0,0,0,0,1,0,0,19509726
126,The Invisible,182,NO,2007,4,27,0,0,0,0,0,0,0,0,0,0,0,0,0,1,0,0,0,1,0,0,25202168
127,Guilty as Sin,280,NO,1993,6,4,0,0,0,0,0,0,0,0,0,0,0,0,0,1,0,0,0,0,1,0,46064724
128,Operation Dumbo Drop,283,NO,1995,7,28,1,0,0,0,0,0,0,0,0,0,0,0,0,0,0,0,1,0,0,0,47809420
129,Ghosts of the Abyss,129,NO,2003,4,11,0,0,0,0,0,1,0,0,0,0,0,0,0,0,0,0,0,0,0,0,23803108
130,Scenes from a Mall,225,NO,1991,2,22,0,0,0,1,0,0,0,0,0,0,0,0,0,0,0,0,0,0,1,0,19149496
131,The BFG,298,NO,2016,7,1,1,0,0,0,0,0,0,0,0,0,0,0,0,0,0,0,1,0,0,0,55483768
132,Tron,166,NO,1982,7,9,0,0,0,0,0,0,0,0,0,0,0,0,0,0,0,0,1,0,0,0,77184896
133,Firelight,333,NO,1998,9,4,0,0,0,0,0,0,1,0,0,0,0,0,0,0,0,0,0,0,1,0,1409943
134,Delivery Man,174,NO,2013,11,22,0,0,0,1,0,0,0,0,0,0,0,0,0,0,0,0,0,1,0,0,31787136
135,New York Stories,97,NO,1989,3,1,0,0,0,0,0,0,1,0,0,0,0,0,0,0,0,0,1,0,0,0,22740860
136,Disorganized Crime,145,NO,1989,4,14,0,0,0,1,0,0,0,0,0,0,0,0,0,0,0,0,0,0,1,0,15233465
137,Tom and Huck,234,NO,1995,12,22,1,0,0,0,0,0,0,0,0,0,0,0,0,0,0,0,1,0,0,0,45911516
138,Keeping the Faith,91,NO,2000,4,14,0,0,0,0,0,0,0,0,0,0,0,0,1,0,0,0,0,1,0,0,57925200
139,Grosse Pointe Blank,113,NO,1997,4,11,0,0,1,0,0,0,0,0,0,0,0,0,0,0,0,0,0,0,1,0,51579764
140,Indian Summer,207,NO,1993,4,23,0,0,0,1,0,0,0,0,0,0,0,0,0,0,0,0,0,0,1,0,29968952
141,The Princess and the Frog,266,Yes,2009,11,25,1,0,0,0,0,0,0,0,0,0,0,0,0,0,0,0,0,0,0,0,116316456
142,Billy Bathgate,256,NO,1991,11,1,0,0,0,0,0,0,1,0,0,0,0,0,0,0,0,0,0,0,1,0,31167692
143,3 Ninjas Kick Back,54,NO,1994,5,6,0,0,0,0,0,0,0,0,0,0,0,0,0,0,0,0,1,0,0,0,24267154
144,My Boyfriend's Back,38,NO,1993,8,6,0,0,0,1,0,0,0,0,0,0,0,0,0,0,0,0,0,1,0,0,6554384
145,Goal! The Dream Begins,70,NO,2006,5,12,0,0,0,0,0,0,1,0,0,0,0,0,0,0,0,0,1,0,0,0,5512647
146,Country,99,NO,1984,9,29,0,0,0,0,0,0,1,0,0,0,0,0,0,0,0,0,0,1,0,0,21075000
147,Big Trouble,31,NO,2002,4,5,0,0,0,1,0,0,0,0,0,0,0,0,0,0,0,0,0,1,0,0,10537188
148,People Like Us,7,NO,2012,6,29,0,0,0,0,0,0,1,0,0,0,0,0,0,0,0,0,0,1,0,0,13165822
149,Mars Needs Moms,281,Yes,2011,3,11,1,0,0,0,0,0,0,0,0,0,0,0,0,0,0,0,1,0,0,0,22741604
150,Angie,193,NO,1994,3,4,0,0,0,1,0,0,0,0,0,0,0,0,0,0,0,0,0,0,1,0,19116980
151,Deuce Bigalow: Male Gigolo,209,NO,1999,12,10,0,0,0,1,0,0,0,0,0,0,0,0,0,0,0,0,0,0,1,0,106921376
152,Veronica Guerin,149,NO,2003,10,17,0,0,0,0,0,0,1,0,0,0,0,0,0,0,0,0,0,0,1,0,2194759
153,Max Keeble's Big Move,311,NO,2001,10,5,0,0,0,1,0,0,0,0,0,0,0,0,0,0,0,0,1,0,0,0,25749730
154,The Scarlet Letter,265,NO,1995,10,13,0,0,0,0,0,0,1,0,0,0,0,0,0,0,0,0,0,0,1,0,20075032
155,D3: The Mighty Ducks,252,NO,1996,10,4,0,0,0,1,0,0,0,0,0,0,0,0,0,0,0,0,1,0,0,0,43713552
156,Up,72,NO,2009,5,29,1,0,0,0,0,0,0,0,0,0,0,0,0,0,0,0,1,0,0,0,329336672
157,Alive,273,NO,1993,1,15,1,0,0,0,0,0,0,0,0,0,0,0,0,0,0,0,0,0,1,0,73914544
158,Can't Buy Me Love,293,NO,1987,8,14,0,0,0,0,0,0,0,0,0,0,0,0,1,0,0,0,0,1,0,0,68181296
159,The Hoax,180,NO,2007,4,6,0,0,0,0,0,0,1,0,0,0,0,0,0,0,0,0,0,0,1,0,8779196
160,Fantasia,75,Yes,1940,11,13,0,0,0,0,0,0,0,0,0,0,1,0,0,0,0,0,0,0,0,0,-2147483648
161,Crimson Tide,318,NO,1995,5,12,0,0,0,0,0,0,0,0,0,0,0,0,0,0,0,0,0,0,1,0,177102080
162,Ransom,267,NO,1996,11,8,0,0,0,0,0,0,0,0,0,0,0,0,0,0,0,0,0,0,1,0,259807824
163,Pretty Woman,106,NO,1990,3,23,0,0,0,0,0,0,0,0,0,0,0,0,1,0,0,0,0,0,1,0,356389760
164,Inspector Gadget,76,NO,1999,7,23,0,0,0,1,0,0,0,0,0,0,0,0,0,0,0,0,1,0,0,0,161610336
165,Winnie the Pooh,287,Yes,2011,7,15,1,0,0,0,0,0,0,0,0,0,0,0,0,0,0,0,0,0,0,0,28375868
166,The Tigger Movie,170,Yes,2000,2,11,1,0,0,0,0,0,0,0,0,0,0,0,0,0,0,0,0,0,0,0,71228680
167,Heavy Weights,295,NO,1995,2,17,0,0,0,1,0,0,0,0,0,0,0,0,0,0,0,0,1,0,0,0,34245780
168,What About Bob?,104,NO,1991,5,17,0,0,0,1,0,0,0,0,0,0,0,0,0,0,0,0,1,0,0,0,127571328
169,Condorman,51,NO,1981,8,7,0,0,0,0,0,0,0,0,0,0,0,0,0,0,0,0,0,0,0,0,0
170,The Haunted Mansion,254,NO,2003,11,26,0,0,0,1,0,0,0,0,0,0,0,0,0,0,0,0,1,0,0,0,105775680
171,The Hitchhiker's Guide to the Galaxy,107,NO,2005,4,29,0,0,0,1,0,0,0,0,0,0,0,0,0,0,0,0,1,0,0,0,67096892
172,Bedknobs and Broomsticks,258,Yes,1971,10,7,0,0,0,0,0,0,0,0,0,0,1,0,0,0,0,0,0,0,0,0,91305448
173,Pooh's Heffalump Movie,103,Yes,2005,2,11,1,0,0,0,0,0,0,0,0,0,0,0,0,0,0,0,0,0,0,0,23801836
174,Open Range,176,NO,2003,8,15,0,0,0,0,0,0,0,0,0,0,0,0,0,0,1,0,0,0,1,0,81547672
175,D.O.A.,18,NO,1988,3,18,0,0,0,0,0,0,0,0,0,0,0,0,0,1,0,0,0,1,0,0,26062188
176,Meet the Deedles,290,NO,1998,3,27,0,0,0,1,0,0,0,0,0,0,0,0,0,0,0,0,1,0,0,0,7829877
177,A Beautiful Planet,317,NO,2016,4,29,0,0,0,0,0,1,0,0,0,0,0,0,0,0,0,0,0,0,0,0,7895708
178,Sister Act,92,NO,1992,5,29,0,0,0,1,0,0,0,0,0,0,0,0,0,0,0,0,1,0,0,0,283583488
179,Strange Magic,111,Yes,2015,1,23,1,0,0,0,0,0,0,0,0,0,0,0,0,0,0,0,1,0,0,0,12429583
180,The Many Adventures of Winnie the Pooh,334,Yes,1977,3,11,0,1,0,0,0,0,0,0,0,0,0,0,0,0,0,0,0,0,0,0,0
181,Quiz Show,257,NO,1994,9,14,0,0,0,0,0,0,1,0,0,0,0,0,0,0,0,0,0,1,0,0,50840392
182,While You Were Sleeping,162,NO,1995,4,21,0,0,0,0,0,0,0,0,0,0,0,0,1,0,0,0,1,0,0,0,157082896
183,Bedtime Stories,1,NO,2008,12,25,0,0,0,1,0,0,0,0,0,0,0,0,0,0,0,0,1,0,0,0,128039680
184,"The Chronicles of Narnia: The Lion, t…",11,NO,2005,12,9,1,0,0,0,0,0,0,0,0,0,0,0,0,0,0,0,1,0,0,0,381557536
185,Instinct,227,NO,1999,6,4,0,0,0,0,0,0,1,0,0,0,0,0,0,0,0,0,0,0,1,0,56595840
186,Step Up,19,NO,2006,8,11,0,0,0,0,0,0,1,0,0,0,0,0,0,0,0,0,0,1,0,0,84078784
187,G.I. Jane,250,NO,1997,8,22,0,0,0,0,0,0,1,0,0,0,0,0,0,0,0,0,0,0,1,0,88467528
188,Oscar,335,NO,1991,4,26,0,0,0,1,0,0,0,0,0,0,0,0,0,0,0,0,1,0,0,0,47181396
189,The Parent Trap,213,NO,1998,7,29,0,0,0,1,0,0,0,0,0,0,0,0,0,0,0,0,1,0,0,0,119185664
190,Primeval,201,NO,2007,1,12,1,0,0,0,0,0,0,0,0,0,0,0,0,0,0,0,0,0,1,0,12985302
191,The Lone Ranger,119,NO,2013,7,2,0,0,0,0,0,0,0,0,0,0,0,0,0,0,1,0,0,1,0,0,92597392
192,"Monsters, Inc.",229,Yes,2001,11,2,1,0,0,0,0,0,0,0,0,0,0,0,0,0,0,0,0,0,0,0,416073184
193,Reign of Fire,251,NO,2002,2,19,0,0,0,0,0,0,0,0,0,0,0,0,0,0,0,0,0,1,0,0,62480632
194,Running Brave,90,NO,1983,11,4,0,0,0,0,0,0,1,0,0,0,0,0,0,0,0,0,1,0,0,0,3223725
195,Dinosaur,241,Yes,2000,5,19,1,0,0,0,0,0,0,0,0,0,0,0,0,0,0,0,1,0,0,0,215438992
196,Rushmore,326,NO,1998,12,11,0,0,1,0,0,0,0,0,0,0,0,0,0,0,0,0,0,0,1,0,28392518
197,Freaky Friday,192,NO,1977,1,21,0,0,0,1,0,0,0,0,0,0,0,0,0,0,0,0,1,0,0,0,98067736
198,The 13th Warrior,154,NO,1999,8,27,0,0,0,0,0,0,0,0,0,0,0,0,0,0,0,0,0,0,1,0,54262148
199,Brave,43,Yes,2012,6,22,1,0,0,0,0,0,0,0,0,0,0,0,0,0,0,0,1,0,0,0,251292448
200,Eight Below,102,NO,2006,2,17,1,0,0,0,0,0,0,0,0,0,0,0,0,0,0,0,1,0,0,0,105037232
201,Gake no ue no Ponyo,122,Yes,2009,8,14,1,0,0,0,0,0,0,0,0,0,0,0,0,0,0,0,0,0,0,0,16961608
202,Queen of Katwe,211,NO,2016,9,23,0,0,0,0,0,0,1,0,0,0,0,0,0,0,0,0,1,0,0,0,8874389
203,Straight Talk,28,NO,1992,4,3,0,0,0,1,0,0,0,0,0,0,0,0,0,0,0,0,1,0,0,0,43068356
204,Holy Man,286,NO,1998,10,9,0,0,0,1,0,0,0,0,0,0,0,0,0,0,0,0,1,0,0,0,21694604
205,The Sorcerer's Apprentice,162,NO,2010,7,14,1,0,0,0,0,0,0,0,0,0,0,0,0,0,0,0,1,0,0,0,67473104
206,Stella,308,NO,1990,2,2,0,0,0,0,0,0,1,0,0,0,0,0,0,0,0,0,0,1,0,0,40077148
207,An American Werewolf in Paris,21,NO,1997,12,25,0,0,0,0,0,0,0,0,0,1,0,0,0,0,0,0,0,0,1,0,48546160
208,The Mighty Ducks,286,NO,1992,10,2,0,0,0,1,0,0,0,0,0,0,0,0,0,0,0,0,1,0,0,0,103120808
209,Tall Tale,141,NO,1995,3,24,0,0,0,0,0,0,0,0,0,0,0,0,0,0,1,0,1,0,0,0,15983331
210,Tangled,214,Yes,2010,11,24,1,0,0,0,0,0,0,0,0,0,0,0,0,0,0,0,1,0,0,0,214388544
211,Ed Wood,309,NO,1994,9,30,0,0,0,1,0,0,0,0,0,0,0,0,0,0,0,0,0,0,1,0,12042634
212,The Jerky Boys,133,NO,1995,2,3,0,0,0,1,0,0,0,0,0,0,0,0,0,0,0,0,0,0,1,0,14641561
213,The Rich Man's Wife,9,NO,1996,9,13,0,0,0,0,0,0,0,0,0,0,0,0,0,1,0,0,0,0,1,0,16284619
214,"20,000 Leagues Under the Sea",247,NO,1954,12,23,1,0,0,0,0,0,0,0,0,0,0,0,0,0,0,0,0,0,0,0,528280000
215,Super Mario Bros.,18,NO,1993,5,28,0,0,0,0,0,0,0,0,0,0,0,0,0,0,0,0,1,0,0,0,42445056
216,The Proposal,19,NO,2009,6,19,0,0,0,0,0,0,0,0,0,0,0,0,1,0,0,0,0,1,0,0,184288832
217,Race to Witch Mountain,14,NO,2009,3,13,1,0,0,0,0,0,0,0,0,0,0,0,0,0,0,0,1,0,0,0,75502000
218,The Adventures of Huck Finn,288,NO,1993,4,2,1,0,0,0,0,0,0,0,0,0,0,0,0,0,0,0,1,0,0,0,49080504
219,Jefferson in Paris,131,NO,1995,3,31,0,0,0,0,0,0,1,0,0,0,0,0,0,0,0,0,0,1,0,0,4770461
220,The Jungle Book,334,NO,2016,4,15,1,0,0,0,0,0,0,0,0,0,0,0,0,0,0,0,1,0,0,0,364001120
221,Sky High,209,NO,2005,7,29,1,0,0,0,0,0,0,0,0,0,0,0,0,0,0,0,1,0,0,0,84088856
222,Toy Story 2,152,Yes,1999,11,19,1,0,0,0,0,0,0,0,0,0,0,0,0,0,0,0,0,0,0,0,404450432
223,The Rescuers,334,Yes,1977,6,22,1,0,0,0,0,0,0,0,0,0,0,0,0,0,0,0,0,0,0,0,159743920
224,Remember the Titans,37,NO,2000,9,29,0,0,0,0,0,0,1,0,0,0,0,0,0,0,0,0,1,0,0,0,180742480
225,A Lot Like Love,216,NO,2005,4,22,0,0,0,1,0,0,0,0,0,0,0,0,0,0,0,0,0,1,0,0,28716948
226,3 Ninjas,162,NO,1992,8,7,0,0,0,0,0,0,0,0,0,0,0,0,0,0,0,0,1,0,0,0,58965304
227,Flight of the Navigator,243,NO,1986,7,30,1,0,0,0,0,0,0,0,0,0,0,0,0,0,0,0,1,0,0,0,42183196
228,America's Heart and Soul,185,NO,2004,7,2,0,0,0,0,0,1,0,0,0,0,0,0,0,0,0,1,0,0,0,0,426246
229,Swing Vote,167,NO,2008,8,1,0,0,0,1,0,0,0,0,0,0,0,0,0,0,0,0,0,1,0,0,19125840
230,The Straight Story,78,NO,1999,10,15,0,0,0,0,0,0,1,0,0,0,0,0,0,0,0,0,0,0,0,0,10111144
231,The Kid,162,NO,2000,7,7,0,0,0,1,0,0,0,0,0,0,0,0,0,0,0,0,1,0,0,0,108993152
232,Enchanted,177,Yes,2007,11,21,0,0,0,0,0,0,0,0,0,0,0,0,1,0,0,0,1,0,0,0,156074304
233,Zootopia,49,Yes,2016,3,4,1,0,0,0,0,0,0,0,0,0,0,0,0,0,0,0,1,0,0,0,341268256
234,I'll Be Home For Christmas,128,NO,1998,11,13,0,0,0,1,0,0,0,0,0,0,0,0,0,0,0,0,1,0,0,0,21941840
235,The War at Home,93,NO,1996,11,20,0,0,0,0,0,0,1,0,0,0,0,0,0,0,0,0,0,0,1,0,65543
236,Peter Pan: Return to Neverland,262,Yes,2002,2,15,1,0,0,0,0,0,0,0,0,0,0,0,0,0,0,0,0,0,0,0,70269712
237,Ratatouille,41,Yes,2007,6,29,0,0,0,1,0,0,0,0,0,0,0,0,0,0,0,0,0,0,0,0,252955936
238,Secretariat,245,NO,2010,10,8,0,0,0,0,0,0,1,0,0,0,0,0,0,0,0,0,1,0,0,0,63781920
239,Medicine Man,154,NO,1992,2,7,0,0,0,0,0,0,1,0,0,0,0,0,0,0,0,0,0,1,0,0,91304496
240,A Thousand Acres,146,NO,1997,9,19,0,0,0,0,0,0,1,0,0,0,0,0,0,0,0,0,0,0,1,0,14561324
241,Mission to Mars,44,NO,2000,3,10,1,0,0,0,0,0,0,0,0,0,0,0,0,0,0,0,1,0,0,0,95208344
242,Brother Bear,259,Yes,2003,10,24,1,0,0,0,0,0,0,0,0,0,0,0,0,0,0,0,0,0,0,0,119218336
243,Snow White and the Seven Dwarfs,75,Yes,1937,12,21,0,0,0,0,0,0,0,0,0,0,1,0,0,0,0,0,0,0,0,0,-2147483648
244,Toy Story 3,181,Yes,2010,6,18,1,0,0,0,0,0,0,0,0,0,0,0,0,0,0,0,0,0,0,0,443408256
245,Miracle,301,NO,2004,2,6,0,0,0,0,0,0,1,0,0,0,0,0,0,0,0,0,1,0,0,0,87392480
246,My Favorite Martian,89,NO,1999,2,12,0,0,0,1,0,0,0,0,0,0,0,0,0,0,0,0,1,0,0,0,61150848
247,Benji the Hunted,147,NO,1987,6,5,1,0,0,0,0,0,0,0,0,0,0,0,0,0,0,0,0,0,0,0,32798382
248,A Far Off Place,206,NO,1993,3,12,1,0,0,0,0,0,0,0,0,0,0,0,0,0,0,0,1,0,0,0,26248558
249,Old Dogs,322,NO,2009,11,25,0,0,0,1,0,0,0,0,0,0,0,0,0,0,0,0,1,0,0,0,55503928
250,Alice in Wonderland,64,NO,2010,3,5,1,0,0,0,0,0,0,0,0,0,0,0,0,0,0,0,1,0,0,0,357063488
251,The Little Mermaid,266,NO,1989,11,15,1,0,0,0,0,0,0,0,0,0,0,0,0,0,0,0,0,0,0,0,223726016
252,Stick It,143,NO,2006,4,28,0,0,0,1,0,0,0,0,0,0,0,0,0,0,0,0,0,1,0,0,34634732
253,Funny Bones,231,NO,1995,3,31,0,0,0,1,0,0,0,0,0,0,0,0,0,0,0,0,0,0,1,0,1025425
254,Cars,152,Yes,2006,6,9,0,0,0,1,0,0,0,0,0,0,0,0,0,0,0,0,0,0,0,0,314140384
255,Bicentennial Man,57,NO,1999,12,17,0,0,0,0,0,0,1,0,0,0,0,0,0,0,0,0,1,0,0,0,94838224
256,Chimpanzee,5,NO,2012,4,20,0,0,0,0,0,1,0,0,0,0,0,0,0,0,0,0,0,0,0,0,30675724
257,The Apple Dumpling Gang,218,NO,1975,7,1,0,0,0,1,0,0,0,0,0,0,0,0,0,0,0,0,0,0,0,0,131246872
258,The Other Sister,106,NO,1999,2,26,0,0,0,0,0,0,0,0,0,0,0,0,1,0,0,0,0,1,0,0,46145332
259,A Simple Twist of Fate,118,NO,1994,9,2,0,0,0,0,0,0,1,0,0,0,0,0,0,0,0,0,0,1,0,0,7035189
260,Where the Heart Is,195,NO,1990,2,23,0,0,0,1,0,0,0,0,0,0,0,0,0,0,0,0,0,1,0,0,2210321
261,Kaze Tachinu,212,Yes,2013,11,8,0,0,0,0,0,0,1,0,0,0,0,0,0,0,0,0,0,1,0,0,5367415
262,Off Beat,199,NO,1986,4,11,0,0,0,1,0,0,0,0,0,0,0,0,0,0,0,0,1,0,0,0,11003932
263,The Greatest Game Ever Played,35,NO,2005,9,30,0,0,0,0,0,0,1,0,0,0,0,0,0,0,0,0,1,0,0,0,20162672
264,The Three Musketeers,332,NO,1993,11,12,1,0,0,0,0,0,0,0,0,0,0,0,0,0,0,0,1,0,0,0,109310376
265,A Civil Action,299,NO,1998,12,25,0,0,0,0,0,0,1,0,0,0,0,0,0,0,0,0,0,1,0,0,94139528
266,Walt and El Grupo,305,NO,2009,9,10,0,0,0,0,0,1,0,0,0,0,0,0,0,0,0,0,1,0,0,0,23064
267,Powder,319,NO,1995,10,27,0,0,0,0,0,0,1,0,0,0,0,0,0,0,0,0,0,1,0,0,59727216
268,1492: Conquest of Paradise,250,NO,1992,10,9,1,0,0,0,0,0,0,0,0,0,0,0,0,0,0,0,0,1,0,0,14421454
269,The Cemetery Club,33,NO,1993,2,3,0,0,0,1,0,0,0,0,0,0,0,0,0,0,0,0,0,1,0,0,11369541
270,Stay Alive,330,NO,2006,3,24,0,0,0,0,0,0,0,0,0,1,0,0,0,0,0,0,0,1,0,0,29712824
271,That Darn Cat,40,NO,1997,2,14,0,0,0,1,0,0,0,0,0,0,0,0,0,0,0,0,1,0,0,0,33613160
272,The Muppet Christmas Carol,46,NO,1992,12,11,0,0,0,1,0,0,0,0,0,0,0,0,0,0,0,0,0,0,0,0,55417616
273,Step Up 2 the Streets,161,NO,2008,2,14,0,0,0,0,0,0,1,0,0,0,0,0,0,0,0,0,0,1,0,0,68118368
275,The Santa Clause 2,202,NO,2002,11,1,0,0,0,1,0,0,0,0,0,0,0,0,0,0,0,0,0,0,0,0,201959088
276,The Recruit,263,NO,2003,1,31,0,0,0,0,0,0,0,0,0,0,0,0,0,1,0,0,0,1,0,0,73793520
277,Money for Nothing,242,NO,1993,9,10,0,0,0,1,0,0,0,0,0,0,0,0,0,0,0,0,0,0,1,0,2127496
278,Bad Company,149,NO,1995,1,20,0,0,0,0,0,0,0,0,0,0,0,0,0,1,0,0,0,0,1,0,6829092
279,I Love Trouble,53,NO,1994,6,29,0,0,0,0,0,0,0,0,0,0,0,0,1,0,0,0,1,0,0,0,63651028
280,The Absent Minded Professor,258,NO,1961,3,16,0,0,0,1,0,0,0,0,0,0,0,0,0,0,0,0,0,0,0,0,310094560
281,Jungle 2 Jungle,156,NO,1997,3,7,0,0,0,1,0,0,0,0,0,0,0,0,0,0,0,0,1,0,0,0,110058376
282,Tex,312,NO,1982,11,19,0,0,0,0,0,0,1,0,0,0,0,0,0,0,0,0,0,0,1,0,20643200
283,Life With Mikey,132,NO,1993,6,4,0,0,0,1,0,0,0,0,0,0,0,0,0,0,0,0,1,0,0,0,25146538
284,Gone Fishin',59,NO,1997,5,30,0,0,0,1,0,0,0,0,0,0,0,0,0,0,0,0,1,0,0,0,36265380
285,Rogue One: A Star Wars Story,105,NO,2016,12,16,1,0,0,0,0,0,0,0,0,0,0,0,0,0,0,0,0,1,0,0,529483936
286,The Marrying Man,142,NO,1991,4,5,0,0,0,0,0,0,0,0,0,0,0,0,1,0,0,0,0,0,1,0,24939118
287,Bubble Boy,36,NO,2001,8,24,0,0,0,1,0,0,0,0,0,0,0,0,0,0,0,0,0,1,0,0,7450434
288,Baby: Secret of the Lost Legend,34,NO,1985,3,22,1,0,0,0,0,0,0,0,0,0,0,0,0,0,0,0,1,0,0,0,33900696
289,The Fox and the Hound,25,Yes,1981,7,10,0,0,0,1,0,0,0,0,0,0,0,0,0,0,0,0,0,0,0,0,133118888
290,High Heels and Low Lifes,197,NO,2001,10,26,0,0,0,0,0,0,0,0,0,0,0,0,0,0,0,0,0,0,1,0,337782
291,The Tie That Binds,327,NO,1995,9,8,0,0,0,0,0,0,0,0,0,0,0,0,0,1,0,0,0,0,1,0,11167895
292,John Carter,13,NO,2012,3,9,1,0,0,0,0,0,0,0,0,0,0,0,0,0,0,0,0,1,0,0,77372448
293,Blank Check,270,NO,1994,2,11,0,0,0,1,0,0,0,0,0,0,0,0,0,0,0,0,1,0,0,0,63170804
294,Guardians of the Galaxy,130,NO,2014,8,1,1,0,0,0,0,0,0,0,0,0,0,0,0,0,0,0,0,1,0,0,343771168
296,A Goofy Movie,177,Yes,1995,4,7,0,0,0,1,0,0,0,0,0,0,0,0,0,0,0,0,0,0,0,0,68479576
297,Hocus Pocus,175,NO,1993,7,16,0,0,0,1,0,0,0,0,0,0,0,0,0,0,0,0,1,0,0,0,80147080
298,Pete’s Dragon,77,NO,2016,8,12,1,0,0,0,0,0,0,0,0,0,0,0,0,0,0,0,1,0,0,0,76233152
299,Night Crossing,83,NO,1982,2,5,0,0,0,0,0,0,1,0,0,0,0,0,0,0,0,0,1,0,0,0,12903059
300,Lilo & Stitch,58,Yes,2002,6,21,1,0,0,0,0,0,0,0,0,0,0,0,0,0,0,0,1,0,0,0,211506704
301,Metro,307,NO,1997,1,17,0,0,0,0,0,0,0,0,0,0,0,0,0,0,0,0,0,0,1,0,58804104
302,National Treasure,162,NO,2004,11,19,1,0,0,0,0,0,0,0,0,0,0,0,0,0,0,0,1,0,0,0,234069360
303,Shanghai Noon,315,NO,2000,5,26,0,0,0,0,0,0,0,0,0,0,0,0,0,0,1,0,0,1,0,0,89042544
304,Dangerous Minds,155,NO,1995,8,11,0,0,0,0,0,0,1,0,0,0,0,0,0,0,0,0,0,0,1,0,164552288
305,The Distinguished Gentleman,163,NO,1992,12,4,0,0,0,1,0,0,0,0,0,0,0,0,0,0,0,0,0,0,1,0,94349904
307,The Princess Diaries,106,NO,2001,8,3,0,0,0,1,0,0,0,0,0,0,0,0,0,0,0,0,0,0,0,0,161218928
308,Step Up 3D,161,NO,2010,8,6,0,0,0,0,0,0,1,0,0,0,0,0,0,0,0,0,0,1,0,0,45302136
309,Underdog,160,NO,2007,8,3,1,0,0,0,0,0,0,0,0,0,0,0,0,0,0,0,1,0,0,0,53619464
310,Red Rock West,151,NO,1994,1,28,0,0,0,0,1,0,0,0,0,0,0,0,0,0,0,0,0,0,1,0,5170709
311,Captain America: Civil War,20,NO,2016,5,6,0,0,0,0,0,0,0,0,0,0,0,0,0,0,0,0,0,1,0,0,408084352
312,Mr. Wrong,215,NO,1996,2,16,0,0,0,0,0,0,0,0,0,0,0,0,1,0,0,0,0,1,0,0,24422334
313,Nixon,219,NO,1995,12,20,0,0,0,0,0,0,1,0,0,0,0,0,0,0,0,0,0,0,1,0,26302004
314,The Ref,304,NO,1994,3,9,0,0,0,1,0,0,0,0,0,0,0,0,0,0,0,0,0,0,1,0,23401276
315,The Santa Clause 3: The Escape Clause,202,NO,2006,11,3,0,0,0,1,0,0,0,0,0,0,0,0,0,0,0,0,0,0,0,0,108694872
316,Ice Princess,310,NO,2005,3,18,0,0,0,1,0,0,0,0,0,0,0,0,0,0,0,0,0,0,0,0,32064684
317,King Arthur,22,NO,2004,7,7,1,0,0,0,0,0,0,0,0,0,0,0,0,0,0,0,0,1,0,0,70423704
318,Nothing To Lose,292,NO,1997,7,18,0,0,0,1,0,0,0,0,0,0,0,0,0,0,0,0,0,0,1,0,81692096
319,Herbie: Fully Loaded,17,NO,2005,6,22,0,0,0,1,0,0,0,0,0,0,0,0,0,0,0,0,0,0,0,0,86812800
320,Father of the Bride,53,NO,1991,12,20,0,0,0,1,0,0,0,0,0,0,0,0,0,0,0,0,1,0,0,0,179821888
321,You Again,14,NO,2010,9,24,0,0,0,1,0,0,0,0,0,0,0,0,0,0,0,0,1,0,0,0,27461120
322,Treasure Planet,266,Yes,2002,11,27,1,0,0,0,0,0,0,0,0,0,0,0,0,0,0,0,1,0,0,0,55189144
323,The Great Mouse Detective,266,Yes,1986,7,2,1,0,0,0,0,0,0,0,0,0,0,0,0,0,0,0,0,0,0,0,53637368
324,Cinderella,328,NO,2015,3,13,0,0,0,0,0,0,1,0,0,0,0,0,0,0,0,0,1,0,0,0,201151360
325,Frozen,56,Yes,2013,11,22,1,0,0,0,0,0,0,0,0,0,0,0,0,0,0,0,1,0,0,0,414997184
326,Pirates of the Caribbean: On Stranger…,253,NO,2011,5,20,1,0,0,0,0,0,0,0,0,0,0,0,0,0,0,0,0,1,0,0,256263360
327,Zokkomon,275,NO,2011,4,22,1,0,0,0,0,0,0,0,0,0,0,0,0,0,0,0,1,0,0,0,2984
328,Gross Anatomy,306,NO,1989,10,20,0,0,0,0,0,0,1,0,0,0,0,0,0,0,0,0,0,1,0,0,23972012
329,The Incredibles,41,Yes,2004,11,5,1,0,0,0,0,0,0,0,0,0,0,0,0,0,0,0,1,0,0,0,354488704
330,Frank McKlusky C.I.,24,NO,2002,1,1,0,0,0,0,0,0,0,0,0,0,0,0,0,0,0,0,0,1,0,0,0
331,Taking Care of Business,26,NO,1990,8,17,0,0,0,1,0,0,0,0,0,0,0,0,0,0,0,0,0,0,1,0,39963460
332,Tim Burton's The Nightmare Before Chr…,123,NO,2006,10,20,0,0,0,0,0,0,0,0,0,0,1,0,0,0,0,0,1,0,0,0,30737516
333,Cocktail,263,NO,1988,7,29,0,0,0,0,0,0,1,0,0,0,0,0,0,0,0,0,0,0,1,0,160442288
334,Gun Shy,282,NO,2000,2,4,0,0,0,1,0,0,0,0,0,0,0,0,0,0,0,0,0,0,1,0,2562155
335,Mr. Destiny,134,NO,1990,10,12,0,0,0,1,0,0,0,0,0,0,0,0,0,0,0,0,0,1,0,0,30722056
336,Herbie Goes to Monte Carlo,320,NO,1977,6,24,0,0,0,0,0,0,0,0,0,0,0,1,0,0,0,0,0,0,0,0,105847528
337,Evita,3,NO,1996,12,25,0,0,0,0,0,0,0,0,0,0,1,0,0,0,0,0,1,0,0,0,92077632
338,Dark Water,324,NO,2005,7,8,0,0,0,0,0,0,0,0,0,0,0,0,0,1,0,0,0,1,0,0,33500492
339,Piglet's Big Movie,98,Yes,2003,3,21,0,0,0,1,0,0,0,0,0,0,0,0,0,0,0,0,0,0,0,0,32298812
340,Kazaam,226,NO,1996,7,17,0,0,0,1,0,0,0,0,0,0,0,0,0,0,0,0,1,0,0,0,36009656
341,Déjà Vu,318,NO,2006,11,22,0,0,0,0,0,0,0,0,0,0,0,0,0,1,0,0,0,1,0,0,82267040
342,Waking Sleeping Beauty,88,NO,2010,3,26,0,0,0,0,0,1,0,0,0,0,0,0,0,0,0,0,1,0,0,0,86264
343,The Count of Monte Cristo,179,NO,2002,1,25,0,0,0,0,0,0,1,0,0,0,0,0,0,0,0,0,0,1,0,0,78682080
344,The Program,285,NO,1993,9,24,0,0,0,0,0,0,0,0,0,0,0,0,0,0,0,0,0,0,1,0,46919256
345,When in Rome,191,NO,2010,1,29,0,0,0,0,0,0,0,0,0,0,0,0,1,0,0,0,0,1,0,0,34917328
346,Born Yesterday,115,NO,1993,3,26,0,0,0,0,0,0,0,0,0,0,0,0,1,0,0,0,1,0,0,0,36165012
347,The Alamo,153,NO,2004,4,9,0,0,0,0,0,0,0,0,0,0,0,0,0,0,1,0,0,1,0,0,30416360
348,Mad Love,23,NO,1995,5,26,0,0,0,0,0,0,1,0,0,0,0,0,0,0,0,0,0,1,0,0,29934306
349,Armageddon,198,NO,1998,7,1,1,0,0,0,0,0,0,0,0,0,0,0,0,0,0,0,0,1,0,0,362324960
350,Air Bud,52,NO,1997,8,1,0,0,0,1,0,0,0,0,0,0,0,0,0,0,0,0,1,0,0,0,45266588
351,Fire Birds,74,NO,1990,5,24,0,0,0,0,0,0,0,0,0,0,0,0,0,0,0,0,0,1,0,0,29485924
352,The Black Cauldron,303,Yes,1985,7,24,1,0,0,0,0,0,0,0,0,0,0,0,0,0,0,0,1,0,0,0,50553144
353,Oz the Great and Powerful,271,NO,2013,3,8,1,0,0,0,0,0,0,0,0,0,0,0,0,0,0,0,1,0,0,0,243434128
354,Two Much,96,NO,1996,3,15,0,0,0,0,0,0,0,0,0,0,0,0,1,0,0,0,0,1,0,0,2057055
355,102 Dalmatians,177,NO,2000,11,22,0,0,0,1,0,0,0,0,0,0,0,0,0,0,0,0,0,0,0,0,104055040
356,The Pacifier,1,NO,2005,3,4,0,0,0,1,0,0,0,0,0,0,0,0,0,0,0,0,1,0,0,0,148619024
357,Prom,224,NO,2011,4,29,0,0,0,1,0,0,0,0,0,0,0,0,0,0,0,0,1,0,0,0,10768946
358,Un indien dans la ville,124,NO,1996,3,22,0,0,0,1,0,0,0,0,0,0,0,0,0,0,0,0,1,0,0,0,1963937
359,Annapolis,171,NO,2006,1,27,0,0,0,0,0,0,1,0,0,0,0,0,0,0,0,0,0,1,0,0,22044112
360,The Country Bears,232,NO,2002,7,26,1,0,0,0,0,0,0,0,0,0,0,0,0,0,0,0,0,0,0,0,24650120
361,Planes: Fire and Rescue,261,Yes,2014,7,18,1,0,0,0,0,0,0,0,0,0,0,0,0,0,0,0,1,0,0,0,61040348
362,Tin Men,30,NO,1987,3,6,0,0,0,1,0,0,0,0,0,0,0,0,0,0,0,0,0,0,1,0,54787200
363,Renaissance Man,228,NO,1994,6,3,0,0,0,1,0,0,0,0,0,0,0,0,0,0,0,0,0,1,0,0,49945472
364,Playing God,16,NO,1997,10,17,0,0,0,0,0,0,0,0,0,0,0,0,0,1,0,0,0,0,1,0,7652965
365,Phenomenon,162,NO,1996,7,5,0,0,0,0,0,0,1,0,0,0,0,0,0,0,0,0,1,0,0,0,199559792
366,Gnomeo and Juliet,172,Yes,2011,2,11,0,0,0,1,0,0,0,0,0,0,0,0,0,0,0,0,0,0,0,0,106270800
367,The Color of Money,194,NO,1986,10,17,0,0,0,0,0,0,1,0,0,0,0,0,0,0,0,0,0,0,1,0,117957320
368,Blackbeard's Ghost,258,NO,1968,2,8,0,0,0,1,0,0,0,0,0,0,0,0,0,0,0,0,0,0,0,0,138612688
369,Ernest Scared Stupid,157,NO,1991,10,11,0,0,0,1,0,0,0,0,0,0,0,0,0,0,0,0,1,0,0,0,28320148
370,The Emperor's New Groove,188,Yes,2000,12,15,1,0,0,0,0,0,0,0,0,0,0,0,0,0,0,0,0,0,0,0,136789248
371,Double Take,116,NO,2001,1,12,0,0,0,0,0,0,0,0,0,0,0,0,0,0,0,0,0,1,0,0,44418588
372,Rocket Man,220,NO,1997,10,10,0,0,0,1,0,0,0,0,0,0,0,0,0,0,0,0,1,0,0,0,28371890
373,Mulan,29,NO,1998,6,19,1,0,0,0,0,0,0,0,0,0,0,0,0,0,0,0,0,0,0,0,216807840
374,Song of the South,328,Yes,1946,11,12,1,0,0,0,0,0,0,0,0,0,0,0,0,0,0,0,0,0,0,0,1078510592
375,The Black Hole,109,NO,1979,12,21,1,0,0,0,0,0,0,0,0,0,0,0,0,0,0,0,1,0,0,0,120377376
376,Raising Helen,106,NO,2004,5,28,0,0,0,1,0,0,0,0,0,0,0,0,0,0,0,0,0,1,0,0,50886144
377,A Gun in Betty Lou's Handbag,8,NO,1992,8,21,0,0,0,1,0,0,0,0,0,0,0,0,0,0,0,0,0,1,0,0,7295423
378,The Air Up There,226,NO,1994,1,7,0,0,0,1,0,0,0,0,0,0,0,0,0,0,0,0,1,0,0,0,42940184
379,Roommates,237,NO,1995,3,3,0,0,0,1,0,0,0,0,0,0,0,0,0,0,0,0,1,0,0,0,23404368
380,Morning Light,190,NO,2008,10,17,0,0,0,0,0,1,0,0,0,0,0,0,0,0,0,0,1,0,0,0,322979
381,Valiant,108,Yes,2005,8,19,1,0,0,0,0,0,0,0,0,0,0,0,0,0,0,0,0,0,0,0,25616292
382,Down and Out in Beverly Hills,225,NO,1986,1,31,0,0,0,1,0,0,0,0,0,0,0,0,0,0,0,0,0,0,1,0,141183696
383,Tarzan,56,NO,1999,6,16,1,0,0,0,0,0,0,0,0,0,0,0,0,0,0,0,0,0,0,0,283900256
384,The Royal Tenenbaums,326,NO,2001,12,14,0,0,1,0,0,0,0,0,0,0,0,0,0,0,0,0,0,0,1,0,76758192
385,James and the Giant Peach,123,Yes,1996,4,12,1,0,0,0,0,0,0,0,0,0,0,0,0,0,0,0,1,0,0,0,55159784
386,"Mystery, Alaska",135,NO,1999,10,1,0,0,0,1,0,0,0,0,0,0,0,0,0,0,0,0,0,0,1,0,14755189
387,Last Dance,307,NO,1996,5,3,0,0,0,0,0,0,1,0,0,0,0,0,0,0,0,0,0,0,1,0,11171714
388,My Science Project,165,NO,1985,8,9,0,0,0,1,0,0,0,0,0,0,0,0,0,0,0,0,1,0,0,0,9736051
389,Homeward Bound II: Lost in San Franc…,82,NO,1996,3,8,1,0,0,0,0,0,0,0,0,0,0,0,0,0,0,0,0,0,0,0,62384704
390,The Muppets,127,NO,2011,11,23,0,0,0,1,0,0,0,0,0,0,0,0,0,0,0,0,1,0,0,0,94189504
391,Turner & Hooch,264,NO,1989,7,28,0,0,0,1,0,0,0,0,0,0,0,0,0,0,0,0,1,0,0,0,150176368
392,Oceans,110,NO,2010,4,22,0,0,0,0,0,1,0,0,0,0,0,0,0,0,0,0,0,0,0,0,20751600
393,It's Pat,0,NO,1994,8,26,0,0,0,1,0,0,0,0,0,0,0,0,0,0,0,0,0,1,0,0,125666
394,The Finest Hours,65,NO,2016,1,29,0,0,0,0,0,0,0,0,0,0,0,0,0,1,0,0,1,0,0,0,27569558
395,Shoot to Kill,264,NO,1988,2,12,0,0,0,0,0,0,0,0,0,0,0,0,0,0,0,0,0,0,1,0,60097072
396,Hannah Montana the Movie,231,NO,2009,4,10,0,0,0,0,0,0,1,0,0,0,0,0,0,0,0,0,0,0,0,0,89443640
397,First Kid,79,NO,1996,8,30,0,0,0,1,0,0,0,0,0,0,0,0,0,0,0,0,1,0,0,0,50465108
398,Consenting Adults,2,NO,1992,10,16,0,0,0,0,0,0,1,0,0,0,0,0,0,0,0,0,0,0,1,0,43859824
399,Dan in Real Life,233,NO,2007,10,20,0,0,0,0,0,0,0,0,0,0,0,0,1,0,0,0,0,1,0,0,58350232
400,Sorority Boys,321,NO,2002,3,22,0,0,0,1,0,0,0,0,0,0,0,0,0,0,0,0,0,0,1,0,14797862
401,Simon Birch,191,NO,1998,9,11,0,0,0,0,0,0,1,0,0,0,0,0,0,0,0,0,1,0,0,0,32809442
402,In the Army Now,69,NO,1994,8,12,0,0,0,1,0,0,0,0,0,0,0,0,0,0,0,0,1,0,0,0,59673788
403,Bad Company,149,NO,2002,6,7,0,0,0,0,0,0,0,0,0,0,0,0,0,0,0,0,0,1,0,0,43756216
404,Wreck-It Ralph,246,Yes,2012,11,2,1,0,0,0,0,0,0,0,0,0,0,0,0,0,0,0,1,0,0,0,200354960
405,Iron Man 3,278,NO,2013,5,3,0,0,0,0,0,0,0,0,0,0,0,0,0,0,0,0,0,1,0,0,424084224
406,Cinderella,328,NO,1950,2,15,0,0,0,0,0,0,1,0,0,0,0,0,0,0,0,0,0,0,0,0,920608704
407,One Magic Christmas,239,NO,1985,11,22,0,0,0,0,0,0,1,0,0,0,0,0,0,0,0,0,0,0,0,0,31415432
408,Beverly Hills Chihuahua,240,NO,2008,10,3,0,0,0,1,0,0,0,0,0,0,0,0,0,0,0,0,1,0,0,0,110932024
409,WALL-E,13,Yes,2008,6,27,1,0,0,0,0,0,0,0,0,0,0,0,0,0,0,0,0,0,0,0,262771920
410,Aladdin,266,NO,1992,11,11,0,0,0,1,0,0,0,0,0,0,0,0,0,0,0,0,0,0,0,0,441969184
411,Casanova,180,NO,2005,12,25,0,0,0,0,0,0,1,0,0,0,0,0,0,0,0,0,0,0,1,0,14574087
412,Thor: The Dark World,4,NO,2013,11,8,1,0,0,0,0,0,0,0,0,0,0,0,0,0,0,0,0,1,0,0,213962176
413,Monkey Kingdom,5,NO,2015,4,17,0,0,0,0,0,1,0,0,0,0,0,0,0,0,0,0,0,0,0,0,16432322
414,Ernest Saves Christmas,157,NO,1988,11,11,0,0,0,1,0,0,0,0,0,0,0,0,0,0,0,0,1,0,0,0,57845200
416,Saving Mr. Banks,153,NO,2013,12,13,0,0,0,0,0,0,1,0,0,0,0,0,0,0,0,0,0,1,0,0,86249968
417,The Aristocats,334,Yes,1970,4,24,0,0,0,0,0,0,0,0,0,0,1,0,0,0,0,0,0,0,0,0,255161504
418,Calendar Girls,216,NO,2003,12,19,0,0,0,1,0,0,0,0,0,0,0,0,0,0,0,0,0,1,0,0,42379648
419,Unstrung Heroes,87,NO,1995,9,15,0,0,0,0,0,0,1,0,0,0,0,0,0,0,0,0,1,0,0,0,15365850
420,Three Fugitives,100,NO,1989,1,27,0,0,0,1,0,0,0,0,0,0,0,0,0,0,0,0,0,1,0,0,85757816
421,Tomorrowland,41,NO,2015,5,22,1,0,0,0,0,0,0,0,0,0,0,0,0,0,0,0,1,0,0,0,93436320
422,The Village,187,NO,2004,7,30,0,0,0,0,0,0,0,0,0,0,0,0,0,1,0,0,0,1,0,0,155021744
423,"Alexander and the Terrible, Horrible,…",205,NO,2014,10,10,0,0,0,1,0,0,0,0,0,0,0,0,0,0,0,0,1,0,0,0,69055552
424,Arachnophobia,102,NO,1990,7,18,0,0,0,0,0,0,0,0,0,0,0,0,0,1,0,0,0,1,0,0,106290272
425,Lincoln,313,NO,2012,11,9,0,0,0,0,0,0,1,0,0,0,0,0,0,0,0,0,0,1,0,0,192122336
426,The Horse Whisperer,257,NO,1998,5,15,0,0,0,0,0,0,1,0,0,0,0,0,0,0,0,0,0,1,0,0,135497536
427,Muppets Most Wanted,127,NO,2014,3,21,0,0,0,1,0,0,0,0,0,0,0,0,0,0,0,0,1,0,0,0,52807592
429,Spaced Invaders,223,NO,1990,4,27,0,0,0,1,0,0,0,0,0,0,0,0,0,0,0,0,1,0,0,0,29964452
430,Just Visiting,137,NO,2001,4,6,0,0,0,1,0,0,0,0,0,0,0,0,0,0,0,0,0,1,0,0,7114869
431,Holes,12,NO,2003,4,18,0,0,0,0,0,0,1,0,0,0,0,0,0,0,0,0,1,0,0,0,94203392
432,The Last Shot,140,NO,2004,9,24,0,0,0,1,0,0,0,0,0,0,0,0,0,0,0,0,0,0,1,0,629502
433,The Jungle Book,334,NO,1967,10,18,0,0,0,0,0,0,0,0,0,0,1,0,0,0,0,1,0,0,0,0,789612352
434,Meet the Robinsons,287,Yes,2007,3,30,1,0,0,0,0,0,0,0,0,0,0,0,0,0,0,0,0,0,0,0,119860592
435,Dead Poets Society,236,NO,1989,6,2,0,0,0,0,0,0,1,0,0,0,0,0,0,0,0,0,1,0,0,0,202531520
436,Avengers: Age of Ultron,168,NO,2015,5,1,0,0,0,0,0,0,0,0,0,0,0,0,0,0,0,0,0,1,0,0,459005856
437,Man of the House,286,NO,1995,3,3,0,0,0,1,0,0,0,0,0,0,0,0,0,0,0,0,1,0,0,0,77573456
438,Bears,68,NO,2014,4,18,0,0,0,0,0,1,0,0,0,0,0,0,0,0,0,0,0,0,0,0,18346024
439,Passed Away,55,NO,1992,4,24,0,0,0,1,0,0,0,0,0,0,0,0,0,0,0,0,0,1,0,0,8187848
441,Atlantis: The Lost Empire,112,Yes,2001,6,8,1,0,0,0,0,0,0,0,0,0,0,0,0,0,0,0,1,0,0,0,125188120
442,Ernest Goes to Camp,157,NO,1987,5,22,0,0,0,1,0,0,0,0,0,0,0,0,0,0,0,0,1,0,0,0,50686464
444,Spy Hard,249,NO,1996,5,24,0,0,0,1,0,0,0,0,0,0,0,0,0,0,0,0,0,1,0,0,51373912
445,Snow Dogs,47,NO,2002,1,18,0,0,0,1,0,0,0,0,0,0,0,0,0,0,0,0,1,0,0,0,117745320
446,Frankenweenie,309,Yes,2012,10,5,0,0,0,1,0,0,0,0,0,0,0,0,0,0,0,0,1,0,0,0,37363512
447,Tuck Everlasting,136,NO,2002,10,11,0,0,0,0,0,0,1,0,0,0,0,0,0,0,0,0,1,0,0,0,27789960
448,Hauru no ugoku shiro,122,Yes,2005,6,10,1,0,0,0,0,0,0,0,0,0,0,0,0,0,0,0,1,0,0,0,6194870
450,Return to Oz,323,NO,1985,6,21,1,0,0,0,0,0,0,0,0,0,0,0,0,0,0,0,0,0,0,0,25215934
451,Disney's A Christmas Carol,260,Yes,2009,11,6,0,0,0,0,0,0,1,0,0,0,0,0,0,0,0,0,1,0,0,0,154927104
452,Prefontaine,291,NO,1997,1,24,0,0,0,0,0,0,1,0,0,0,0,0,0,0,0,0,0,1,0,0,1085093
453,Beaches,106,NO,1988,12,21,0,0,0,0,0,0,1,0,0,0,0,0,0,0,0,0,0,1,0,0,120381760
454,101 Dalmatians,286,NO,1961,1,25,0,0,0,1,0,0,0,0,0,0,0,0,0,0,0,0,0,0,0,0,1362871040
455,The Last Song,169,NO,2010,3,31,0,0,0,0,0,0,1,0,0,0,0,0,0,0,0,0,1,0,0,0,67258768
456,Father Hood,71,NO,1993,8,27,0,0,0,0,0,0,0,0,0,0,0,0,0,0,0,0,0,1,0,0,6654819
457,Encino Man,184,NO,2009,5,22,0,0,0,0,0,0,0,1,0,0,0,0,0,0,0,0,1,0,0,0,40000000
458,Sweet Home Alabama,15,NO,2002,9,27,0,0,0,1,0,0,0,0,0,0,0,0,0,0,0,0,0,1,0,0,184521152
459,Play it to the Bone,268,NO,1999,12,24,0,0,0,1,0,0,0,0,0,0,0,0,0,0,0,0,0,0,1,0,13180524
460,The Odd Life of Timothy Green,233,NO,2012,8,15,0,0,0,0,0,0,1,0,0,0,0,0,0,0,0,0,1,0,0,0,54914944
461,Honey I Blew Up the Kid,243,NO,1992,7,17,0,0,0,1,0,0,0,0,0,0,0,0,0,0,0,0,1,0,0,0,119162520
462,Hercules,266,Yes,1997,6,13,1,0,0,0,0,0,0,0,0,0,0,0,0,0,0,0,0,0,0,0,182029408
